City_ID,City,Cloudiness,Country,Date,Humidity,Lat,Lng,Max Temp,Wind Speed
0,yellowknife,40,CA,1525145040,51,62.45,-114.38,35.6,9.17
1,hobart,0,AU,1525141800,37,-42.88,147.33,69.8,11.41
2,berdigestyakh,0,RU,1525145703,41,62.1,126.7,45.09,3.71
3,clevelandia,48,BR,1525145703,76,-26.4,-52.47,68.4,2.93
4,albany,90,US,1525145040,87,42.65,-73.75,44.6,3.36
5,saint-pierre,75,FR,1525143600,100,48.95,4.24,42.8,11.41
6,carcassonne,75,FR,1525143600,81,43.21,2.35,50.0,9.17
7,goderich,0,CA,1525145707,58,43.74,-81.71,44.91,8.63
8,thinadhoo,88,MV,1525145707,100,0.53,72.93,84.6,14.79
9,blairmore,40,CA,1525143600,61,49.61,-114.44,46.4,11.41
10,hofn,64,IS,1525145708,100,64.25,-15.21,39.06,7.63
11,sao filipe,44,CV,1525145708,97,14.9,-24.5,71.01,19.26
12,castro,92,CL,1525145709,100,-42.48,-73.76,44.73,3.49
13,tuktoyaktuk,75,CA,1525143600,80,69.44,-133.03,37.4,12.75
14,north bend,40,US,1525144500,76,43.41,-124.22,50.0,10.29
15,busselton,44,AU,1525145710,100,-33.64,115.35,64.62,13.78
16,hasaki,75,JP,1525143600,42,35.73,140.83,80.6,4.7
17,bredasdorp,0,ZA,1525145711,100,-34.53,20.04,54.63,5.06
18,bijar,56,IR,1525145712,96,35.87,47.6,37.71,3.15
19,rikitea,80,PF,1525145712,100,-23.12,-134.97,78.03,2.71
20,jamestown,64,AU,1525145558,30,-33.21,138.6,68.31,9.42
21,sao jose da coroa grande,80,BR,1525145713,100,-8.9,-35.15,75.15,4.61
22,atuona,0,PF,1525145713,99,-9.8,-139.03,81.72,16.02
23,kapaa,90,US,1525143360,73,22.08,-159.32,75.2,11.41
24,vaini,36,IN,1525145714,88,15.34,74.49,74.43,3.49
25,nouadhibou,56,MR,1525143600,72,20.93,-17.03,62.6,17.22
26,hermanus,8,ZA,1525145715,80,-34.42,19.24,39.6,3.49
27,beringovskiy,8,RU,1525145647,93,63.05,179.32,34.02,5.06
28,tasiilaq,0,GL,1525143000,67,65.61,-37.64,21.2,3.36
29,wagar,0,US,1525145717,43,31.44,-87.99,67.41,5.5
30,carnarvon,0,ZA,1525145679,69,-30.97,22.13,39.33,6.51
31,butaritari,88,KI,1525145718,100,3.07,172.79,83.16,11.43
32,port alfred,0,ZA,1525145718,91,-33.59,26.89,66.06,15.12
33,cherskiy,76,RU,1525145719,89,68.75,161.3,21.96,3.6
34,saint-philippe,90,CA,1525144500,100,45.36,-73.48,48.2,6.62
35,duluth,40,US,1525144500,86,46.77,-92.13,60.8,10.29
36,avarua,40,CK,1525143600,78,-21.21,-159.78,80.6,6.93
37,isangel,80,VU,1525145721,100,-19.55,169.27,73.62,12.77
38,vao,92,EE,1525145721,87,59.1,26.19,44.01,9.53
39,te anau,92,NZ,1525145722,97,-45.41,167.72,49.86,3.49
40,jinxiang,8,CN,1525145722,94,35.07,116.31,75.6,4.5
41,mataura,92,NZ,1525145723,99,-46.19,168.86,52.56,17.81
42,qaanaaq,0,GL,1525145724,73,77.48,-69.36,-3.42,6.4
43,cabo san lucas,5,MX,1525142880,53,22.89,-109.91,75.2,4.7
44,kodiak,1,US,1525143180,43,39.95,-94.76,73.4,18.34
45,port blair,80,IN,1525145725,99,11.67,92.75,86.58,9.75
46,ribeira grande,76,PT,1525145726,100,38.52,-28.7,61.47,12.21
47,georgetown,40,GY,1525143600,100,6.8,-58.16,75.2,3.36
48,chokurdakh,0,RU,1525145727,100,70.62,147.9,20.16,7.07
49,mahebourg,75,MU,1525143600,65,-20.41,57.7,78.8,11.41
50,laurel,75,US,1525143180,87,45.67,-108.77,44.6,4.7
51,sungai besar,75,MY,1525140000,78,3.68,100.99,82.4,2.24
52,balclutha,92,NZ,1525145729,89,-46.24,169.74,54.45,22.17
53,bethel,75,US,1525143180,65,60.79,-161.76,41.0,26.4
54,cidreira,64,BR,1525145646,98,-30.17,-50.22,69.3,7.07
55,puerto ayora,8,EC,1525145630,99,-0.74,-90.35,77.13,9.19
56,lazaro cardenas,5,MX,1525142940,13,28.39,-105.62,77.0,13.87
57,vostok,68,RU,1525145732,35,46.45,135.83,51.3,2.93
58,cabedelo,75,BR,1525143600,88,-6.97,-34.84,75.2,8.19
59,iquitos,40,PE,1525143600,94,-3.75,-73.25,77.0,3.04
60,ushuaia,0,AR,1525140000,95,-54.81,-68.31,41.0,13.78
61,ximei,75,TW,1525143600,70,23.74,120.51,84.2,9.17
62,assiniboia,8,CA,1525145735,52,49.63,-105.99,44.1,4.72
63,troitsko-pechorsk,68,RU,1525145735,80,62.71,56.19,31.05,7.4
64,bambous virieux,75,MU,1525143600,65,-20.34,57.76,78.8,11.41
65,komsomolskiy,80,RU,1525145736,93,67.55,63.78,22.41,13.78
66,jambi,44,ID,1525145737,91,-1.6,103.62,82.98,4.05
67,east london,0,ZA,1525143600,76,-33.02,27.91,57.2,8.05
68,barrow,32,AR,1525145738,88,-38.31,-60.23,40.59,2.71
69,emerald,44,AU,1525145739,44,-23.53,148.16,79.2,9.75
70,kununurra,0,AU,1525141800,27,-15.77,128.74,91.4,8.05
71,sungairaya,8,ID,1525145740,94,0.7,108.9,83.97,3.49
72,gat,0,SN,1525143600,60,14.69,-16.54,73.4,6.93
73,aklavik,75,CA,1525143600,56,68.22,-135.01,44.6,8.05
74,helensburgh,8,GB,1525143000,86,56.01,-4.73,35.6,1.12
75,shelton,90,US,1525144500,76,47.22,-123.1,55.4,8.05
76,abbeville,0,FR,1525143600,81,50.11,1.83,46.4,5.82
77,nanortalik,88,GL,1525145743,91,60.14,-45.24,32.22,21.72
78,provideniya,0,RU,1525143600,58,64.42,-173.23,28.4,15.66
79,alice springs,0,AU,1525143600,17,-23.7,133.88,84.2,10.29
80,san patricio,12,PY,1525145745,72,-26.98,-56.83,75.33,5.39
81,hilo,90,US,1525143360,88,19.71,-155.08,73.4,4.7
82,new norfolk,0,AU,1525141800,37,-42.78,147.06,69.8,11.41
83,hithadhoo,80,MV,1525145747,99,-0.6,73.08,85.23,17.25
84,ulladulla,0,AU,1525140000,46,-35.36,150.48,71.6,3.36
85,batagay-alyta,12,RU,1525145681,86,67.8,130.41,31.95,6.51
86,jaffna,8,LK,1525145626,99,9.67,80.01,87.57,8.41
87,namibe,0,AO,1525145706,100,-15.19,12.15,77.31,3.49
88,boa vista,88,BR,1525145723,99,2.82,-60.67,73.35,4.94
89,coruripe,92,BR,1525145750,100,-10.12,-36.18,79.02,8.63
90,saldanha,0,PT,1525145636,94,41.42,-6.55,31.5,2.71
91,lebu,92,ET,1525145672,98,8.96,38.73,50.49,2.59
92,kaitangata,92,NZ,1525145754,89,-46.28,169.85,54.45,22.17
93,faanui,8,PF,1525145756,100,-16.48,-151.75,82.8,12.66
94,bonavista,24,CA,1525145756,96,48.65,-53.11,33.66,9.75
95,flinders,0,AU,1525140000,46,-34.58,150.85,71.6,3.36
96,kalispell,75,US,1525143300,81,48.2,-114.32,48.2,13.87
97,jvari,0,GE,1525143600,45,42.72,42.05,68.0,33.33
98,voh,0,NC,1525145761,100,-20.95,164.69,74.16,19.48
99,vitim,0,RU,1525145762,59,59.44,112.57,46.98,5.73
100,sitka,24,US,1525145668,48,37.17,-99.65,74.43,25.52
101,sandwick,0,GB,1525143000,84,54.57,-2.89,32.0,10.29
102,kavieng,64,PG,1525145763,100,-2.57,150.8,82.53,1.92
103,vanino,8,RU,1525145763,78,53.93,40.55,58.32,5.95
104,aykhal,20,RU,1525145640,75,65.95,111.51,42.75,12.21
105,scottsbluff,75,US,1525144680,76,41.87,-103.67,51.8,23.04
106,rundu,76,NA,1525145764,48,-17.91,19.77,60.3,7.74
107,peniche,0,PT,1525143600,81,39.36,-9.38,50.0,4.7
108,karasjok,24,NO,1525143000,85,69.47,25.52,21.2,2.48
109,plettenberg bay,0,ZA,1525145689,90,-34.05,23.37,60.12,4.61
110,corner brook,40,CA,1525143600,80,48.95,-57.95,46.4,2.24
111,norman wells,75,CA,1525143600,48,65.28,-126.83,42.8,5.82
112,biltine,0,TD,1525145767,58,14.53,20.93,65.16,2.93
113,finnsnes,0,NO,1525143000,92,69.23,17.98,32.0,1.92
114,esperance,20,TT,1525140000,78,10.24,-61.45,78.8,5.82
115,lompoc,75,US,1525143480,76,34.64,-120.46,51.8,8.05
116,punta arenas,40,CL,1525143600,86,-53.16,-70.91,33.8,5.82
117,huarmey,32,PE,1525145769,80,-10.07,-78.15,66.42,3.49
118,barbosa ferraz,0,BR,1525140000,60,-24.03,-52.01,75.2,5.82
119,khash,0,IR,1525145770,26,28.22,61.21,63.72,2.37
120,vila velha,75,BR,1525143600,100,-3.71,-38.6,77.0,8.05
121,dunedin,20,NZ,1525145685,82,-45.87,170.5,56.43,9.19
122,severo-kurilsk,48,RU,1525145651,95,50.68,156.12,35.46,7.63
123,ambon,0,FR,1525143600,81,47.55,-2.56,42.8,5.82
124,port elizabeth,1,US,1525143360,81,39.31,-74.98,57.2,4.7
125,novyy urgal,56,RU,1525145773,46,51.07,132.56,46.98,11.77
126,hay river,75,CA,1525143600,87,60.82,-115.79,33.8,5.82
127,arraial do cabo,0,BR,1525145774,95,-22.97,-42.02,72.63,11.65
128,klang,75,MY,1525141800,66,3.05,101.45,87.8,3.36
129,khatanga,76,RU,1525145775,100,71.98,102.47,21.6,18.03
130,sur,0,OM,1525145776,79,22.57,59.53,85.86,9.42
131,honiara,75,SB,1525143600,66,-9.43,159.96,87.8,5.82
132,novorzhev,76,RU,1525145776,93,57.03,29.33,54.81,8.41
133,gizo,0,IL,1525143000,31,31.8,34.94,78.8,4.7
134,noyabrsk,0,RU,1525145777,88,63.2,75.45,14.67,13.56
135,fortuna,20,ES,1525143600,62,38.18,-1.13,51.8,9.17
136,powell,1,US,1525144620,53,40.16,-83.08,57.2,3.36
137,mar del plata,56,AR,1525145779,75,-46.43,-67.52,44.28,12.55
138,pangkalanbuun,20,ID,1525145779,81,-2.68,111.62,86.4,6.4
139,cananeia,76,BR,1525145780,100,-25.01,-47.93,73.35,1.7
140,chaozhou,40,CN,1525143600,66,23.66,116.62,84.2,4.47
141,concarneau,0,FR,1525143600,86,47.88,-3.92,44.6,5.82
142,porto nacional,0,BR,1525140000,83,-10.7,-48.41,77.0,5.82
143,bluff,20,AU,1525145782,40,-23.58,149.07,80.55,11.54
144,soc trang,0,VN,1525145782,69,9.6,105.98,90.63,7.52
145,norsup,100,VU,1525145783,100,-16.07,167.38,74.88,8.41
146,cape town,0,ZA,1525143600,100,-33.93,18.42,46.4,1.12
147,victoria,75,BN,1525141800,79,5.28,115.24,87.8,3.36
148,maun,0,BW,1525143600,59,-19.99,23.42,66.2,17.22
149,buraydah,0,SA,1525143600,53,26.33,43.97,75.2,8.05
150,westport,92,IE,1525145767,86,53.8,-9.52,45.72,18.25
151,lasa,0,CY,1525143600,63,34.92,32.53,66.2,6.93
152,tuatapere,92,NZ,1525145786,100,-46.13,167.69,51.75,17.58
153,ostrovnoy,0,RU,1525145786,87,68.05,39.51,23.22,10.2
154,tiksi,80,RU,1525145787,89,71.64,128.87,36.63,21.27
155,davila,20,PH,1525143600,70,18.47,120.58,89.6,6.93
156,brae,0,GB,1525143000,85,60.4,-1.35,37.4,1.12
157,seydi,0,NE,1525145788,65,13.34,7.75,69.21,4.61
158,milkovo,0,BG,1525143600,100,41.53,24.68,57.2,8.05
159,paamiut,92,GL,1525145789,92,61.99,-49.67,34.02,16.13
160,college,90,US,1525143480,64,64.86,-147.8,41.0,10.29
161,lundazi,20,ZM,1525145790,91,-12.29,33.17,63.0,5.17
162,dibai,68,IN,1525145791,45,28.21,78.26,82.53,5.06
163,charters towers,8,AU,1525145791,76,-20.07,146.27,75.6,11.65
164,avera,1,US,1525143300,87,33.19,-82.53,66.2,3.49
165,severo-yeniseyskiy,80,RU,1525145792,90,60.37,93.04,47.97,6.17
166,petropavlovsk-kamchatskiy,75,RU,1525143600,86,53.05,158.65,37.4,4.47
167,callaway,1,US,1525144500,66,46.98,-95.91,64.4,12.75
168,eureka,90,US,1525143300,71,40.8,-124.16,51.8,13.87
169,vestmanna,68,FO,1525143000,81,62.16,-7.17,44.6,25.28
170,kanniyakumari,8,IN,1525145795,100,8.08,77.57,84.96,13.11
171,valparaiso,1,US,1525143360,25,41.47,-87.06,69.8,9.17
172,nome,1,US,1525144500,83,30.04,-94.42,71.6,4.7
173,ulagan,20,RU,1525145796,57,50.63,87.96,43.65,2.93
174,airai,12,TL,1525145752,47,-8.93,125.41,83.88,0.92
175,azul,20,AR,1525145797,73,-36.78,-59.86,48.42,10.2
176,fare,48,PF,1525145797,100,-16.7,-151.02,82.62,11.43
177,bowen,40,AU,1525140000,61,-20.01,148.25,78.8,18.34
178,qandala,0,SO,1525145798,97,11.47,49.87,73.17,3.04
179,lagoa,0,PT,1525143600,87,37.14,-8.45,50.0,5.82
180,popova,0,RS,1525143600,87,43.33,21.27,55.4,1.12
181,tilichiki,88,RU,1525145800,92,60.47,166.1,34.11,2.71
182,lamu,80,ID,1525145800,97,0.57,122.3,78.66,2.71
183,camargo,0,MX,1525145801,9,27.69,-105.17,75.96,13.67
184,san andres,12,PH,1525145801,96,13.32,122.68,85.23,8.97
185,ancud,92,CL,1525145802,97,-41.87,-73.83,48.06,3.6
186,houma,20,CN,1525145802,66,35.63,111.36,71.82,3.6
187,laibin,92,CN,1525145803,99,23.74,109.23,76.59,9.08
188,yelizovo,75,RU,1525143600,86,53.19,158.38,37.4,4.47
189,skorodnoye,0,RU,1525143600,51,51.07,37.24,59.0,8.95
190,kolyvan,20,RU,1525143600,87,55.31,82.74,46.4,4.47
191,thompson,5,CA,1525143600,55,55.74,-97.86,35.6,3.36
192,minab,0,IR,1525143600,73,27.15,57.07,77.0,4.7
193,la ronge,20,CA,1525143600,32,55.1,-105.3,41.0,5.82
194,mandalgarh,0,IN,1525145805,25,25.2,75.09,91.26,11.54
195,mudgee,0,AU,1525145806,88,-32.6,149.59,63.72,4.72
196,rocha,24,UY,1525145807,85,-34.48,-54.34,51.48,7.74
197,alamosa,1,US,1525144320,19,37.47,-105.87,50.0,8.05
198,gidole,92,ET,1525145807,97,5.65,37.37,63.72,2.37
199,cairns,75,AU,1525143600,54,-16.92,145.77,82.4,13.87
200,erzin,20,TR,1525143000,77,36.95,36.2,68.0,4.7
201,saint george,20,GR,1525143000,82,39.45,22.34,57.2,2.93
202,tchibanga,68,GA,1525145809,100,-2.92,11.0,73.17,2.37
203,kahului,40,US,1525143360,69,20.89,-156.47,75.2,10.29
204,zima,8,RU,1525145810,53,53.93,102.05,54.09,9.64
205,caceres,44,CO,1525145811,87,5.53,-74.53,68.85,1.48
206,salalah,40,OM,1525143000,79,17.01,54.1,84.2,6.93
207,horsham,20,AU,1525145584,75,-36.71,142.2,65.25,8.97
208,seoul,75,KR,1525143600,68,37.57,126.98,77.0,10.29
209,balabac,36,PH,1525145813,96,7.99,117.06,86.22,4.16
210,sinnamary,80,GF,1525145814,100,5.38,-52.96,77.4,9.19
211,port hardy,75,CA,1525143600,70,50.7,-127.42,48.2,11.41
212,yumen,0,CN,1525145755,33,40.29,97.04,56.52,10.09
213,sorong,12,ID,1525145815,99,-0.86,131.25,83.97,8.75
214,bahia blanca,56,AR,1525145815,100,-38.72,-62.27,50.04,9.42
215,zhanakorgan,0,KZ,1525145816,55,43.91,67.25,55.89,8.52
216,kusa,92,RU,1525145816,100,55.34,59.45,34.74,3.38
217,sal rei,75,CV,1525143600,77,16.18,-22.92,68.0,14.99
218,alofi,40,NU,1525143600,74,-19.06,-169.92,84.2,8.05
219,mugan,8,CN,1525145817,56,35.94,101.38,47.25,3.04
220,inhuma,80,BR,1525145818,87,-6.67,-41.71,73.8,3.71
221,port shepstone,8,ZA,1525145819,93,-30.74,30.45,66.78,11.54
222,torbay,90,CA,1525143600,100,47.66,-52.73,33.8,9.17
223,wanxian,80,CN,1525145820,96,30.8,108.39,66.42,2.59
224,bathsheba,40,BB,1525143600,78,13.22,-59.52,78.8,23.04
225,mackay,75,CA,1525143600,24,53.65,-115.58,57.2,19.46
226,shenjiamen,92,CN,1525145821,96,29.96,122.3,68.22,13.67
227,nara,75,JP,1525143600,44,34.68,135.8,78.8,3.36
228,tura,56,IN,1525145822,94,25.52,90.21,73.26,2.93
229,road town,75,VG,1525143180,88,18.42,-64.62,78.8,13.87
230,perelyub,76,RU,1525145823,84,51.87,50.37,57.33,16.58
231,temax,44,MX,1525145824,73,21.15,-88.94,79.83,6.73
232,bosaso,12,SO,1525145825,100,11.28,49.18,81.18,7.18
233,san lorenzo,12,PY,1525143600,83,-25.34,-57.51,73.4,3.15
234,grand gaube,75,MU,1525143600,65,-20.01,57.66,78.8,11.41
235,nikolskoye,0,RU,1525143600,87,59.7,30.79,42.8,8.95
236,tacuarembo,92,UY,1525145827,100,-31.73,-55.98,64.98,13.22
237,clyde river,90,CA,1525145340,92,70.47,-68.59,14.0,11.41
238,bandarbeyla,88,SO,1525145828,100,9.49,50.81,77.58,4.38
239,zhangjiakou,92,CN,1525145829,79,40.77,114.88,49.86,4.94
240,qaqortoq,68,GL,1525143000,79,60.72,-46.03,28.4,5.61
241,port said,48,EG,1525145830,34,25.34,30.55,70.11,1.92
242,tessalit,0,ML,1525145830,27,20.2,1.01,65.16,5.17
243,channel-port aux basques,8,CA,1525145831,88,47.57,-59.14,37.8,18.7
244,washington,1,US,1525144500,25,38.9,-77.04,62.6,6.93
245,coromandel,32,NZ,1525141800,82,-36.76,175.5,68.0,9.17
246,dikson,68,RU,1525145833,100,73.51,80.55,8.91,5.61
247,mount gambier,12,AU,1525145833,68,-37.83,140.78,64.53,6.06
248,high level,75,CA,1525143600,70,58.52,-117.13,46.4,8.05
249,albury,0,AU,1525143600,31,-36.08,146.92,73.4,3.36
250,havoysund,0,NO,1525145727,100,71.0,24.66,25.83,3.71
251,lashio,0,MM,1525145835,75,22.93,97.75,75.78,2.48
252,ca mau,12,VN,1525145835,74,9.18,105.15,90.27,5.95
253,nantucket,90,US,1525144500,100,41.28,-70.1,44.6,8.05
254,coihaique,0,CL,1525143600,86,-45.58,-72.07,39.2,5.82
255,poum,32,MK,1525145837,99,41.28,20.71,48.6,1.92
256,ayolas,48,PY,1525145837,79,-27.39,-56.84,74.88,12.21
257,masty,0,BY,1525143600,82,53.42,24.54,59.0,6.71
258,la union,76,GT,1525145838,79,14.97,-89.29,73.53,2.48
259,dongsheng,92,CN,1525145838,100,29.72,112.52,71.19,5.39
260,kattivakkam,40,IN,1525145400,63,13.22,80.32,93.2,13.87
261,ahipara,76,NZ,1525145638,91,-35.17,173.16,63.18,10.76
262,tsalenjikha,0,GE,1525143600,45,42.6,42.07,68.0,33.33
263,pudozh,24,RU,1525145841,93,61.81,36.54,31.5,9.75
264,manavalakurichi,20,IN,1525145400,70,8.13,77.3,89.6,8.05
265,kribi,12,CM,1525145842,100,2.94,9.91,72.0,2.71
266,cadillac,1,US,1525144500,30,44.25,-85.4,66.2,5.82
267,champua,108,IN,1525145843,94,22.04,85.66,76.68,4.94
268,marigot,75,HT,1525143600,78,18.23,-72.32,78.8,4.7
269,aktau,0,KZ,1525143600,47,43.65,51.16,55.4,11.18
270,tranas,90,SE,1525143000,100,58.04,14.98,41.0,3.36
271,tongren,68,CN,1525145845,98,27.72,109.18,72.27,3.6
272,axim,88,GH,1525145754,99,4.87,-2.24,82.44,9.53
273,henties bay,0,NA,1525145723,100,-22.12,14.28,61.2,1.36
274,sasolburg,20,ZA,1525145846,95,-26.81,27.82,52.56,8.41
275,mao,40,DO,1525143600,83,19.55,-71.08,77.0,9.17
276,partyzany,0,UA,1525145847,86,45.14,35.15,54.99,7.63
277,cusuna,80,HN,1525145848,83,15.85,-85.23,75.24,1.7
278,kuusamo,0,FI,1525143000,73,65.96,29.19,26.6,4.7
279,geraldton,75,CA,1525143600,65,49.72,-86.95,46.4,6.93
280,eskilstuna,92,SE,1525143000,87,59.37,16.51,42.8,12.75
281,los llanos de aridane,0,ES,1525143600,63,28.66,-17.92,60.8,10.29
282,tyukhtet,92,RU,1525145850,96,56.54,89.31,52.38,4.5
283,dwarka,20,IN,1525143600,61,28.58,77.04,82.4,9.17
284,tourlaville,75,FR,1525143600,70,49.64,-1.57,44.6,10.29
285,chippewa falls,1,US,1525144500,33,44.94,-91.39,71.6,9.17
286,prince rupert,90,CA,1525143600,87,54.32,-130.32,44.6,5.82
287,san lawrenz,0,MT,1525142700,93,36.06,14.2,62.6,6.93
288,hobyo,68,SO,1525145853,93,5.35,48.53,79.83,15.12
289,pangnirtung,32,CA,1525145853,80,66.15,-65.72,1.08,14.45
290,belmonte,0,PT,1525145854,88,40.36,-7.35,35.28,4.16
291,raca,44,RS,1525143600,100,44.23,20.98,51.8,1.12
292,havelock,5,US,1525143480,82,34.88,-76.9,60.8,8.41
293,kruisfontein,0,ZA,1525145856,92,-34.0,24.73,59.22,10.2
294,hami,0,CN,1525145748,30,42.84,93.51,71.73,11.65
295,karpogory,0,RU,1525145860,80,64.0,44.44,22.5,2.48
296,owensboro,1,US,1525143360,41,37.77,-87.11,60.8,5.82
297,waingapu,8,ID,1525145860,58,-9.65,120.26,85.5,7.52
298,tono,0,JP,1525143600,41,39.35,141.52,75.2,11.41
299,kapit,12,MY,1525145862,83,2.02,112.94,82.53,2.71
300,inongo,76,CD,1525145862,100,-1.93,18.29,70.2,2.71
301,kariba,68,ZW,1525145862,63,-16.53,28.78,71.91,6.62
302,petropavlovka,0,RU,1525145592,60,50.61,105.32,52.56,3.94
303,longyearbyen,90,NO,1525143000,86,78.22,15.63,28.4,2.24
304,forrest city,0,US,1525144500,59,35.01,-90.79,60.8,5.82
305,gvarv,92,NO,1525143000,100,59.39,9.18,35.6,13.87
306,tomatlan,0,MX,1525145865,76,19.93,-105.25,72.45,2.71
307,husavik,92,CA,1525145865,77,50.56,-96.99,39.6,18.25
308,zadar,20,HR,1525143600,87,44.12,15.24,48.2,6.06
309,teahupoo,20,PF,1525143600,62,-17.83,-149.27,86.0,3.36
310,saskylakh,76,RU,1525145867,96,71.97,114.09,37.35,16.02
311,indergarh,88,IN,1525145867,55,26.94,79.67,80.91,14.12
312,sao cristovao,40,BR,1525143600,74,-11.01,-37.21,82.4,8.05
313,mulhouse,75,FR,1525143600,70,47.75,7.34,48.2,8.05
314,ribas do rio pardo,56,BR,1525145869,51,-20.45,-53.76,77.67,6.17
315,alta floresta,80,BR,1525145870,78,-9.87,-56.08,77.4,3.71
316,mpika,44,ZM,1525145870,82,-11.84,31.4,61.47,10.65
317,latung,8,ID,1525145871,75,-8.45,120.42,80.91,3.15
318,dukat,0,RS,1525145871,91,42.44,22.31,47.52,0.47
319,muisne,80,EC,1525145872,89,0.61,-80.02,74.97,2.48
320,port hedland,0,AU,1525141800,62,-20.31,118.58,87.8,6.93
321,marrakesh,75,MA,1525143600,71,31.63,-7.99,53.6,5.82
322,northam,92,GB,1525143000,86,51.04,-4.21,39.2,4.7
323,faya,20,SA,1525143600,67,18.39,42.45,62.6,4.7
324,sola,75,NO,1525143000,70,58.89,5.65,48.2,4.7
325,srednekolymsk,68,RU,1525145874,67,67.46,153.71,26.55,3.49
326,puerto ayacucho,64,CO,1525145875,100,5.66,-67.63,71.28,2.48
327,wattegama,8,LK,1525145875,86,7.35,80.68,79.2,3.94
328,miranda,75,CO,1525143600,83,3.25,-76.23,73.4,11.41
329,panaba,8,MX,1525145876,82,21.28,-88.27,76.86,5.95
330,san jose de sisa,40,PE,1525143600,94,-6.62,-76.69,75.2,2.48
331,harrisonburg,1,US,1525144500,45,38.45,-78.87,62.6,3.36
332,sept-iles,75,CA,1525143600,77,50.2,-66.38,37.4,6.93
333,saint-augustin,75,FR,1525143600,93,44.83,-0.61,46.4,5.82
334,kiunga,44,PG,1525145878,82,-6.12,141.3,81.45,2.93
335,ilulissat,48,GL,1525143000,61,69.22,-51.1,15.8,2.24
336,mont-de-marsan,75,FR,1525143600,93,43.89,-0.5,46.4,4.7
337,niceville,40,US,1525143480,88,30.52,-86.48,71.6,4.72
338,manado,20,ID,1525145400,55,1.49,124.85,91.4,9.17
339,dickinson,90,US,1525143360,81,46.88,-102.79,44.6,5.82
340,thai binh,32,VN,1525145882,93,20.45,106.33,82.98,9.53
341,muyezerskiy,0,RU,1525145883,80,63.93,31.65,22.14,2.71
342,sucre,92,BO,1525145883,95,-19.05,-65.26,49.95,2.15
343,bilibino,68,RU,1525145730,70,68.06,166.44,31.59,3.15
344,zephyrhills,1,US,1525143360,60,28.23,-82.18,75.2,4.7
345,port-gentil,64,GA,1525145885,99,-0.72,8.78,80.82,7.07
346,lovozero,88,RU,1525145885,88,68.01,35.02,25.56,2.37
347,samarai,100,PG,1525145885,100,-10.62,150.67,80.91,18.03
348,port hawkesbury,90,CA,1525144620,93,45.62,-61.36,39.2,12.75
349,tabou,76,CI,1525145755,99,4.42,-7.36,82.62,8.41
350,tharad,0,IN,1525145887,52,24.39,71.63,86.4,11.21
351,samarinda,12,ID,1525145887,81,-0.5,117.14,85.68,2.93
352,bodden town,20,KY,1525143600,83,19.28,-81.25,82.4,4.7
353,coquimbo,0,CL,1525143600,87,-29.95,-71.34,53.6,3.36
354,coahuayana,44,MX,1525145889,54,18.62,-100.35,73.62,2.59
355,tual,0,ID,1525145889,100,-5.67,132.75,82.26,9.42
356,pokhara,20,NP,1525145639,78,28.21,83.99,61.83,2.04
357,okhotsk,76,RU,1525145890,71,59.36,143.24,39.78,2.59
358,klaksvik,64,FO,1525143000,81,62.23,-6.59,44.6,25.28
359,upernavik,0,GL,1525145891,95,72.79,-56.15,8.01,8.75
360,podgornoye,0,RU,1525145892,77,57.79,82.64,50.85,7.07
361,clayton,1,US,1525143300,21,36.45,-103.19,59.0,9.17
362,daru,80,SL,1525145893,99,7.99,-10.85,71.46,2.93
363,itapaci,0,BR,1525145893,80,-14.95,-49.55,65.88,3.04
364,rodnykove,0,UA,1525145893,53,47.68,37.95,52.2,8.63
365,solwezi,56,ZM,1525145894,71,-12.18,26.4,57.06,8.41
366,pasighat,100,IN,1525145894,99,28.06,95.33,61.02,1.92
367,ternate,75,PH,1525143600,59,14.29,120.72,89.6,6.93
368,belaya gora,12,RU,1525145895,100,68.54,146.19,28.26,5.06
369,leshukonskoye,0,RU,1525145896,81,64.9,45.76,23.13,2.59
370,leczyca,0,PL,1525143600,100,52.06,19.2,53.6,1.12
371,vila praia de ancora,0,PT,1525143600,81,41.81,-8.85,42.8,6.93
372,batemans bay,0,AU,1525145897,75,-35.71,150.18,67.23,3.04
373,yurino,90,RU,1525143600,93,56.29,46.29,42.8,8.95
374,mitsamiouli,20,KM,1525143600,106,-11.38,43.28,82.4,9.17
375,noumea,92,NC,1525143600,60,-22.28,166.46,75.2,8.05
376,kingseat,0,GB,1525143000,100,56.1,-3.41,33.8,4.7
377,klenovyy,0,UA,1525145900,59,48.12,39.46,49.59,3.38
378,luganville,92,VU,1525145900,100,-15.51,167.18,76.14,9.08
379,tocopilla,32,CL,1525145904,100,-22.09,-70.2,60.03,3.94
380,tezu,100,IN,1525145905,86,27.93,96.16,60.48,0.92
381,oistins,40,BB,1525143600,78,13.07,-59.53,78.8,23.04
382,sayville,40,US,1525143360,70,40.74,-73.08,51.8,10.29
383,ponta do sol,20,BR,1525145906,72,-20.63,-46.0,61.2,2.48
384,olinda,75,EC,1525143600,74,-2.03,-79.75,80.6,3.36
385,razdolnoye,0,RU,1525145907,76,43.7,44.53,45.54,3.04
386,haysville,20,US,1525143360,56,37.56,-97.35,71.6,21.92
387,impfondo,92,CD,1525145909,100,1.62,18.06,69.03,3.38
388,vorukh,88,KG,1525145909,94,39.85,70.57,34.56,1.03
389,biak,64,ID,1525145910,91,-0.91,122.88,81.0,4.72
390,qena,75,EG,1525140000,42,26.16,32.72,80.6,2.24
391,parabel,92,RU,1525145911,100,58.71,81.5,39.87,5.39
392,arrah,40,IN,1525143600,69,25.56,84.66,78.8,11.41
393,uusikaupunki,92,FI,1525143000,70,60.8,21.41,46.4,13.87
394,najran,40,SA,1525143600,60,17.54,44.22,73.4,4.7
395,paungde,0,MM,1525145913,83,18.49,95.51,85.05,1.7
396,nanyamba,100,MZ,1525145913,95,-10.69,39.81,72.18,6.4
397,jeremie,8,HT,1525145914,100,18.65,-74.12,77.94,4.5
398,altamont,1,CA,1525144500,107,49.4,-98.5,35.6,23.04
399,gwadar,68,PK,1525145915,84,25.12,62.33,83.43,9.64
400,yulara,0,AU,1525143600,18,-25.24,130.99,82.4,9.17
401,changping,88,CN,1525143600,30,40.22,116.23,69.8,15.66
402,zhanaozen,0,KZ,1525145917,40,43.35,52.85,56.7,10.2
403,frunze,0,UA,1525145918,88,46.83,29.88,45.0,2.93
404,neiafu,75,TO,1525143600,83,-18.65,-173.98,82.4,5.82
405,luanda,8,AO,1525145918,100,-8.83,13.24,77.58,4.38
406,malanje,0,AO,1525145919,74,-9.54,16.35,59.31,4.16
407,kulhudhuffushi,12,MV,1525145919,100,6.62,73.07,83.34,3.38
408,viedma,36,AR,1525145920,81,-40.81,-62.99,45.54,6.17
409,kokopo,64,PG,1525145920,100,-4.34,152.27,82.17,10.2
410,sampit,24,ID,1525145921,78,-2.54,112.95,86.58,6.96
411,erdenet,0,MN,1525145922,41,49.03,104.04,54.45,3.6
412,sao domingos,32,BR,1525145922,59,-13.4,-46.32,73.53,8.75
413,ugad,20,PH,1525145922,88,17.29,121.8,83.79,0.47
414,taoudenni,0,ML,1525145663,21,22.68,-3.98,66.15,11.99
415,yichun,68,CN,1525145923,90,27.8,114.38,79.38,4.61
416,lorengau,80,PG,1525145924,100,-2.02,147.27,83.79,3.71
417,norrtalje,90,SE,1525143000,87,59.76,18.7,42.8,19.46
418,venado tuerto,92,AR,1525145925,99,-33.75,-61.97,57.87,13.78
419,caconda,0,AO,1525145925,74,-13.73,15.06,50.13,2.93
420,port lincoln,0,AU,1525145926,67,-34.72,135.86,71.28,12.77
421,meulaboh,12,ID,1525145926,100,4.14,96.13,82.89,2.15
422,bonnyville,75,CA,1525143600,32,54.27,-110.74,51.8,4.7
423,santa cruz,1,US,1525143360,76,36.97,-122.03,55.4,3.36
424,saint anthony,90,US,1525143900,93,43.97,-111.68,39.2,6.93
425,mae ramat,75,TH,1525143600,62,16.98,98.52,86.0,2.24
426,toledo,40,PH,1525143600,62,10.38,123.64,89.6,10.29
427,dingle,36,PH,1525145931,65,11.0,122.67,88.2,11.43
428,santa rosa,32,AR,1525145933,80,-36.62,-64.29,51.93,10.09
429,quatre cocos,75,MU,1525143600,65,-20.21,57.76,78.8,11.41
430,naze,75,NG,1525140000,88,5.43,7.07,78.8,5.73
431,guerrero negro,68,MX,1525145691,93,27.97,-114.04,58.05,11.43
432,katsuura,40,JP,1525143600,49,33.93,134.5,73.4,6.93
433,abu samrah,0,SY,1525145936,87,35.3,37.18,58.5,3.38
434,buriti bravo,44,BR,1525145937,94,-5.84,-43.84,73.53,2.04
435,tarata,64,PE,1525145938,72,-17.47,-70.03,38.61,2.15
436,san matias,75,HN,1525143600,64,13.97,-86.63,69.8,6.93
437,sidhi,0,IN,1525145939,55,24.41,81.88,83.52,9.64
438,bhigvan,0,IN,1525145939,56,18.32,74.77,80.55,8.08
439,lunglei,56,IN,1525145940,78,22.89,92.75,75.69,1.59
440,whitehorse,75,CA,1525143600,39,60.72,-135.06,48.2,10.29
441,sioux lookout,90,CA,1525145400,55,50.1,-91.92,64.4,8.05
442,malinyi,80,TZ,1525145941,98,-8.94,36.14,68.49,2.04
443,lata,0,IN,1525145942,60,30.78,78.62,56.88,1.92
444,chuy,24,UY,1525145669,88,-33.69,-53.46,60.03,13.44
445,bronnoysund,8,NO,1525143000,52,65.46,12.2,41.0,18.34
446,zamosc,0,PL,1525145943,69,50.72,23.25,60.48,6.62
447,akdepe,0,TM,1525143600,47,42.05,59.39,57.2,9.17
448,chemal,32,RU,1525145944,40,51.41,86.0,62.46,7.96
449,madison,1,US,1525144500,35,43.07,-89.38,71.6,11.41
450,at-bashi,80,KG,1525145945,69,41.17,75.81,47.52,2.48
451,chapais,1,CA,1525143600,51,49.78,-74.86,37.4,2.24
452,tianpeng,80,CN,1525145946,100,28.88,112.34,73.89,5.73
453,talnakh,88,RU,1525145947,95,69.49,88.39,13.77,20.49
454,mayor pablo lagerenza,32,PY,1525145950,65,-19.93,-60.77,78.48,5.61
455,codrington,76,AU,1525145951,80,-28.95,153.24,67.68,6.62
456,dauriya,12,RU,1525145951,32,49.93,116.85,52.02,6.4
457,sorland,0,NO,1525145951,100,67.67,12.69,38.88,16.24
458,nyurba,36,RU,1525145952,50,63.29,118.35,50.31,6.62
459,fuling,76,CN,1525145952,93,29.71,107.39,71.37,3.49
460,huron,40,US,1525143300,72,44.36,-98.21,71.6,9.17
461,churapcha,0,RU,1525145953,45,62.0,132.43,42.3,5.39
462,gamba,24,CN,1525145953,93,28.28,88.52,25.38,3.04
463,taltal,0,CL,1525145954,97,-25.41,-70.49,54.09,0.69
464,kathu,68,ZA,1525145954,70,-27.7,23.05,52.38,8.41
465,sao joao dos patos,32,BR,1525145955,92,-6.5,-43.7,74.07,3.38
466,pevek,12,RU,1525145955,100,69.7,170.27,24.12,10.98
467,osakarovka,0,KZ,1525145955,75,50.56,72.58,45.72,9.53
468,lavrentiya,44,RU,1525145758,100,65.58,-170.99,22.32,23.85
469,gunjur,5,GM,1525143600,93,13.18,-16.76,66.2,3.36
470,esna,0,RO,1525145956,86,45.2,27.57,48.33,1.7
471,ust-maya,24,RU,1525145678,42,60.42,134.54,43.11,6.17
472,sistranda,0,NO,1525143000,60,63.73,8.83,39.2,13.87
473,sisimiut,76,GL,1525145958,100,66.94,-53.67,16.65,1.7
474,el real de santa maria,48,PA,1525145959,100,8.11,-77.73,77.49,3.49
475,marystown,8,CA,1525145959,98,47.17,-55.16,37.71,7.63
476,hualmay,36,PE,1525145799,95,-11.1,-77.61,66.06,5.5
477,mount isa,0,AU,1525143600,33,-20.73,139.49,86.0,16.11
478,acapulco,40,MX,1525142880,69,16.86,-99.88,82.4,4.7
479,ayagoz,92,KZ,1525145962,60,47.96,80.43,60.84,16.58
480,sabang,44,PH,1525145962,95,13.72,123.58,82.62,4.61
481,badarwas,0,IN,1525145963,46,24.97,77.57,83.52,4.61
482,ridgecrest,20,US,1525143360,26,35.62,-117.67,62.6,12.75
483,frankfort,1,US,1525143300,57,38.2,-84.87,57.2,4.72
484,broome,92,GB,1525143360,86,52.47,1.45,39.2,13.87
485,haines junction,20,CA,1525145712,55,60.75,-137.51,39.15,2.93
486,sao sebastiao,88,BR,1525145966,100,-3.15,-58.36,72.81,1.59
487,pouebo,0,NC,1525145967,69,-20.4,164.57,77.85,12.66
488,puerto escondido,20,MX,1525142460,70,15.86,-97.07,86.0,6.96
489,bud,48,NO,1525143000,93,62.91,6.91,44.6,14.99
490,tarko-sale,0,RU,1525145968,89,64.92,77.78,12.96,14.23
491,black diamond,75,CA,1525143600,70,50.69,-114.23,50.0,9.17
492,beyneu,0,KZ,1525145969,41,45.32,55.19,52.11,2.93
493,macklin,0,CA,1525145969,36,52.34,-109.94,47.79,4.16
494,urubicha,20,BO,1525145970,95,-15.63,-63.08,73.98,2.15
495,hovd,0,NO,1525143000,52,63.83,10.7,41.0,6.93
496,port-cartier,75,CA,1525143600,91,50.03,-66.88,37.4,6.93
497,fukue,75,JP,1525143600,68,35.03,136.69,69.8,4.7
498,kjollefjord,80,NO,1525145972,97,70.95,27.35,30.33,4.72
499,vyazma,8,RU,1525145972,90,55.21,34.3,49.59,7.18
500,skjervoy,0,NO,1525145973,100,70.03,20.97,31.95,6.17
501,raudeberg,68,NO,1525143000,61,61.99,5.14,48.2,6.93
502,burnie,0,AU,1525145974,100,-41.05,145.91,60.3,10.98
503,buenaventura,88,CO,1525145975,98,3.89,-77.07,69.66,1.7
504,vila do maio,0,CV,1525140000,77,15.13,-23.22,68.0,19.46
505,soto la marina,92,MX,1525145975,77,23.77,-98.21,77.22,10.65
506,libreville,20,GA,1525145400,88,0.39,9.45,80.6,8.05
507,douglas,90,US,1525143840,87,58.28,-134.39,46.4,9.17
508,ofunato,0,JP,1525143600,41,39.11,141.75,75.2,11.41
509,karratha,0,AU,1525145977,29,-20.74,116.85,90.45,4.94
510,berlevag,68,NO,1525145978,100,70.86,29.09,29.52,5.5
511,dudinka,56,RU,1525145978,95,69.41,86.18,11.34,19.48
512,shache,0,CN,1525145975,33,38.42,77.24,63.36,4.5
513,traverse city,1,US,1525144560,31,44.76,-85.62,66.2,17.69
514,aguas verdes,90,EC,1525143600,83,-3.48,-80.25,77.0,4.7
515,ingham,88,AU,1525145981,98,-18.65,146.16,75.51,13.78
516,biloela,44,AU,1525145981,49,-24.4,150.51,75.96,11.77
517,souillac,0,FR,1525143600,93,45.6,-0.6,46.4,0.92
518,tahmek,40,MX,1525142640,65,20.88,-89.25,78.8,10.29
519,auki,0,NG,1525145984,67,12.18,6.51,79.02,10.2
520,san cristobal,90,EC,1525143600,93,-0.39,-78.55,53.6,1.12
521,isoka,0,ZM,1525145985,95,-10.15,32.64,59.04,5.73
522,ahmadpur sial,0,PK,1525143420,42,30.68,71.77,86.0,6.93
523,carman,1,CA,1525144500,107,49.51,-98.0,37.4,23.04
524,kyaikkami,88,MM,1525145986,98,16.08,97.57,78.3,4.5
525,utrecht,75,NL,1525143300,87,52.09,5.11,44.6,36.91
526,bubaque,0,GW,1525145987,100,11.28,-15.83,77.76,12.44
527,morant bay,20,JM,1525143600,88,17.88,-76.41,80.6,6.93
528,carballo,48,ES,1525143600,100,43.21,-8.69,37.4,4.7
529,copiapo,0,CL,1525143600,87,-27.37,-70.33,53.6,5.82
530,souris,90,CA,1525143600,93,46.36,-62.25,44.6,6.93
531,lahaina,40,US,1525143360,69,20.87,-156.68,75.2,6.62
532,sibolga,48,ID,1525145993,84,1.74,98.78,78.39,2.15
533,orebro,92,SE,1525143000,100,59.27,15.21,41.0,13.87
534,kholm,36,RU,1525145994,97,57.15,31.18,55.8,8.08
535,saurimo,0,AO,1525145994,63,-9.66,20.4,59.85,4.5
536,makakilo city,1,US,1525143420,57,21.35,-158.09,78.8,18.34
537,ouadda,32,CF,1525145995,64,8.07,22.4,76.32,7.07
538,grindavik,75,IS,1525143600,100,63.84,-22.43,33.8,11.41
539,banjar,48,ID,1525145996,56,-7.37,108.54,84.24,2.71
540,el dorado,56,VE,1525145997,90,6.71,-61.64,73.26,3.04
541,mehamn,80,NO,1525145997,97,71.03,27.85,30.33,4.72
542,pacific grove,75,US,1525143300,66,36.62,-121.92,53.6,11.41
543,cavalcante,0,BR,1525145998,83,-13.79,-47.46,64.53,4.61
544,adrar,0,DZ,1525143600,14,27.87,-0.29,69.8,10.29
545,sao joao da barra,0,BR,1525145999,100,-21.64,-41.05,77.85,18.25
546,santa lucia,40,IT,1525143300,100,39.93,9.66,53.6,9.17
547,otane,80,NZ,1525146001,83,-39.89,176.62,61.02,3.04
548,oktyabrskoye,64,RU,1525146001,77,56.73,85.44,50.58,5.61
549,presidencia roque saenz pena,56,AR,1525146002,89,-26.79,-60.44,74.34,2.15
550,koutiala,12,ML,1525146003,52,12.39,-5.46,83.7,9.64
551,srandakan,0,ID,1525146003,70,-7.94,110.25,86.04,4.38
552,namatanai,36,PG,1525146004,100,-3.66,152.44,83.43,10.2
553,roma,0,IT,1525143300,81,41.89,12.48,55.4,3.36
554,riyadh,0,SA,1525143600,37,24.63,46.72,71.6,3.36
555,maceio,40,BR,1525143600,100,-9.67,-35.74,71.6,3.36
556,esmeraldas,0,BR,1525143600,72,-19.76,-44.31,62.6,2.24
557,varhaug,75,NO,1525143000,70,58.61,5.65,46.4,4.7
558,macae,0,BR,1525146008,86,-22.37,-41.79,60.3,2.93
559,nicoya,75,CR,1525143600,54,10.15,-85.45,84.2,14.99
560,plymouth,8,GB,1525146009,100,50.37,-4.14,42.75,11.21
561,mabaruma,92,GY,1525146010,84,8.2,-59.78,79.47,6.96
562,rawson,88,AR,1525145770,62,-43.3,-65.11,44.1,11.1
563,qazax,0,AZ,1525146010,82,41.09,45.37,34.92,2.48
564,walvis bay,0,NA,1525143600,82,-22.95,14.51,55.4,1.92
565,key west,1,US,1525144500,75,47.93,-96.78,42.8,20.8
566,rock sound,92,BS,1525146012,100,24.9,-76.2,76.14,20.04
567,birao,0,CF,1525146013,34,10.3,22.78,70.02,6.73
568,cassilandia,0,BR,1525146013,79,-19.11,-51.73,67.68,3.04
569,katherine,40,AU,1525143600,31,-14.47,132.26,91.4,10.29
570,santo angelo,48,BR,1525146015,95,-28.3,-54.26,68.76,11.21
571,tocache,24,PE,1525146015,89,-8.19,-76.51,58.5,1.7
572,martapura,68,ID,1525146016,81,-3.41,114.85,86.85,4.61
